[
  {
    "demo_name": "Default",
    "file_path": "thehanger.wordpress.xml",
    "screenshot": "somefile.jpg",
    "settings": {
      "reading_settings": {
        "homepage": "Home - Classic eCommerce",
        "blog": "The Blog"
      },
      "woocommerce_pages": {
        "woocommerce_shop_page_id": "Shop",
        "woocommerce_cart_page_id": "Cart",
        "woocommerce_checkout_page_id": "Checkout",
        "woocommerce_myaccount_page_id": "My Account"
      },
      "navigation": [
        {
          "name": "Main Navigation",
          "location": "gbt_primary"
        },
        {
          "name": "Top Bar Menu",
          "location": "gbt_topbar"
        },
        {
          "name": "Navigation Button",
          "location": "gbt_nav_but"
        },
        {
          "name": "Secondary Navigation",
          "location": "gbt_secondary"
        },
        {
          "name": "Footer Menu",
          "location": "gbt_footer"
        }
      ]
    }
  }
]
